ID de la réponse;Promotion;Date de soumission;Dernière page;Langue de départ;Date de lancement;Date de la dernière action;Vous êtes:;Quel âge avez-vous?;Dans quelle ville êtes-vous né(e)?;Dans quelle ville avez-vous obtenu votre bac?;Dans quelle ville avez-vous obtenu votre licence?;Dans quelle ville effectuez-vous votre alternance?;Quel baccalauréat ou équivalence avez-vous fait valoir pour accéder à l’enseignement supérieur ?;En quelle année avez-vous obtenu ce baccalauréat ou cette équivalence ?;Avant d’entrer en master, avez-vous eu une expérience professionnelle (une expérience à temps plein en dehors d'un job étudiant)?;Quelle(s) raison(s) vous ont amené-e à vous inscrire au master MIASHS? [Mon intérêt pour la discipline];Quelle(s) raison(s) vous ont amené-e à vous inscrire au master MIASHS? [Un projet professionnel précis];Quelle(s) raison(s) vous ont amené-e à vous inscrire au master MIASHS? [Les débouchés offerts];Quelle(s) raison(s) vous ont amené-e à vous inscrire au master MIASHS? [La proximité de l’établissement];Quelle(s) raison(s) vous ont amené-e à vous inscrire au master MIASHS? [Je n’ai pas pu m’inscrire dans la/les formations de mon choix];Quelle(s) raison(s) vous ont amené-e à vous inscrire au master MIASHS? [J’ai suivi le choix d’un ami];Quelle(s) raison(s) vous ont amené-e à vous inscrire au master MIASHS? [On m’a parlé en bien de cette formation (famille, amis...)];Quelle(s) raison(s) vous ont amené-e à vous inscrire au master MIASHS? [Je ne savais pas quoi faire d’autre];Quelle(s) raison(s) vous ont amené-e à vous inscrire au master MIASHS? [Autre];Quelles sont vos attentes à l'issue du Master?;Lors de votre dernière semaine de cours, combien de temps estimez-vous avoir passé du lundi au vendredi /du samedi au dimanche pour chacune des activités suivantes ? [Formation effectivement suivie (cours, TP/TD, séminaires, etc.)][Du lundi au  vendredi];Lors de votre dernière semaine de cours, combien de temps estimez-vous avoir passé du lundi au vendredi /du samedi au dimanche pour chacune des activités suivantes ? [Formation effectivement suivie (cours, TP/TD, séminaires, etc.)][Du samedi au  dimanche];Lors de votre dernière semaine de cours, combien de temps estimez-vous avoir passé du lundi au vendredi /du samedi au dimanche pour chacune des activités suivantes ? [Travail personnel (lecture, travaux à rendre, apprentissage des cours, révisions pour les examens, etc.)][Du lundi au  vendredi];Lors de votre dernière semaine de cours, combien de temps estimez-vous avoir passé du lundi au vendredi /du samedi au dimanche pour chacune des activités suivantes ? [Travail personnel (lecture, travaux à rendre, apprentissage des cours, révisions pour les examens, etc.)][Du samedi au  dimanche];Lors de votre dernière semaine de cours, combien de temps estimez-vous avoir passé du lundi au vendredi /du samedi au dimanche pour chacune des activités suivantes ? [Activités de loisir (sport, lecture, concerts, rencontres d’amis, etc.)][Du lundi au  vendredi];Lors de votre dernière semaine de cours, combien de temps estimez-vous avoir passé du lundi au vendredi /du samedi au dimanche pour chacune des activités suivantes ? [Activités de loisir (sport, lecture, concerts, rencontres d’amis, etc.)][Du samedi au  dimanche];Lors de votre dernière semaine de cours, combien de temps estimez-vous avoir passé du lundi au vendredi /du samedi au dimanche pour chacune des activités suivantes ? [Travail rémunéré (durée effectivement réalisée)][Du lundi au  vendredi];Lors de votre dernière semaine de cours, combien de temps estimez-vous avoir passé du lundi au vendredi /du samedi au dimanche pour chacune des activités suivantes ? [Travail rémunéré (durée effectivement réalisée)][Du samedi au  dimanche];Lors de votre dernière semaine de cours, combien de temps estimez-vous avoir passé du lundi au vendredi /du samedi au dimanche pour chacune des activités suivantes ? [Déplacement, transport (durée effective des principaux trajets)][Du lundi au  vendredi];Lors de votre dernière semaine de cours, combien de temps estimez-vous avoir passé du lundi au vendredi /du samedi au dimanche pour chacune des activités suivantes ? [Déplacement, transport (durée effective des principaux trajets)][Du samedi au  dimanche];Quel secteur d'activité (code NAF INSEE) correspond le plus à votre entreprise d'alternance?;Quelle est la tranche d'effectif de cette entreprise?;Le poste que vous occupez s'apparente plus à un poste de :;Le poste que vous occupez s'apparente plus à un poste de : [Autre];Pourriez-vous décrire en quelques mots votre rôle dans cette entreprise?;Lors du choix de votre formation actuelle, quelle importance avez-vous accordée aux... [Possibilités de débouchés professionnels];Lors du choix de votre formation actuelle, quelle importance avez-vous accordée aux... [Possibilités de  développement  intellectuel];Comment évaluez-vous vos chances d’insertion professionnelle dans la région Occitanie, en France ou à l’étranger à l’issue de votre formation ? [Montpellier];Comment évaluez-vous vos chances d’insertion professionnelle dans la région Occitanie, en France ou à l’étranger à l’issue de votre formation ? [Occitanie];Comment évaluez-vous vos chances d’insertion professionnelle dans la région Occitanie, en France ou à l’étranger à l’issue de votre formation ? [France];Comment évaluez-vous vos chances d’insertion professionnelle dans la région Occitanie, en France ou à l’étranger à l’issue de votre formation ? [Etranger];Temps total :;Durée pour le groupe : Identification;Durée pour la question: Sexe;Durée pour la question: Age;Durée pour le groupe : Votre itinéraire;Durée pour la question: Naissance;Durée pour la question: bac;Durée pour la question: licence;Durée pour la question: alternance;Durée pour le groupe : Parcours et attentes;Durée pour la question: typebac;Durée pour la question: AnneeBac;Durée pour la question: exp;Durée pour la question: raisons;Durée pour la question: attentes;Durée pour le groupe : L’organisation de votre emploi du temps;Durée pour la question: organisationcours;Durée pour le groupe : L’entreprise qui vous accueille en alternance;Durée pour la question: nafent;Durée pour la question: effent;Durée pour la question: poste;Durée pour la question: detent;Durée pour le groupe : Perspectives;Durée pour la question: critereschoix;Durée pour la question: perspemploi
2;2018_2019;2018-10-03 14:47:53;6;fr;2018-10-03 14:28:50;2018-10-03 14:47:53;Une femme;25;"43.84525;4.30418";"43.8355;4.35804";"43.61124;3.87673";"43.61124;3.87673";ES, Sciences économiques et sociales (anciennement B);2011;Oui;Oui;Non;Oui;Non;Non;Non;Non;Non;;Devenir maître pokémon ou trouver un emploi lié au machine learning;35;0;6;6;7;6;;;8;2;Information et communication;500 salariés ou plus;Autre;Data engineer;"Traitement de données
Nettoyage de données
Mise à disposition d'outils d'analyse
Déploiement solutions SI";Très importantes;Très importantes;Mauvaises;Mauvaises;Très bonnes;Très bonnes;1145.67;9.16;;;102.23;;;;;210.29;;;;;;495.23;;297.79;;;;;30.97;;
5;2018_2019;2018-10-03 14:50:29;6;fr;2018-10-03 14:32:20;2018-10-03 14:50:29;Une femme;31;"-20.93591;55.29149";"-21.00093;55.27752";"-20.88027;55.4483";"43.55543;1.48894";S, Scientifique (anciennement C, D ou E);2004;Oui;Oui;Non;Oui;Non;Non;Non;Non;Non;;Trouver un job en data science;35;0;6;7;4;7;;;8;2;Activités spécialisées, scientifiques et techniques;500 salariés ou plus;Administrateur / Administratrice de bases de données;;"Mise en place et gestion de bases de données
Mise en place d'infrastructure Cloud
Modélisation et prédiction de conseils";Très importantes;Plutôt importantes;Mauvaises;Bonnes;Très bonnes;Très bonnes;1091.42;23.14;;;143.54;;;;;167.13;;;;;;369.71;;322.65;;;;;65.25;;
6;2018_2019;2018-10-03 14:49:25;6;fr;2018-10-03 14:32:57;2018-10-03 14:49:25;Un homme;23;"43.43303;6.73602";"43.64636;0.58505";"43.92776;2.1479";"43.63932;3.91333";STI, Sciences et techniques industrielles (anciennement F);2013;Oui;Non;Non;Non;Non;Non;Non;Oui;Oui;;Je n'en ai pas;35;0;2;0;20;32;0;0;4;10;Autres activités de services;500 salariés ou plus;Data scientist,Statisticien(ne), Economètre, ...;;"Support technique
Data science";Peu importantes;Très importantes;Très bonnes;Très bonnes;Très bonnes;Très bonnes;989.81;5.98;;;43.24;;;;;288.13;;;;;;269.33;;358.3;;;;;24.83;;
7;2018_2019;2018-10-03 14:54:56;6;fr;2018-10-03 14:35:07;2018-10-03 14:54:56;Un homme;23;"48.69918;2.18748";"48.85661;2.3515";"43.61124;3.87673";"43.61124;3.87673";S, Scientifique (anciennement C, D ou E);2013;Non;Oui;Non;Oui;Non;Non;Non;Oui;Non;;Obtenir plus ou moins facilement un CDI grâce aux domaines couverts par la formation;35;0;5;0;25;30;0;0;3;0;Santé humaine et action sociale;500 salariés ou plus;Data scientist,Statisticien(ne), Economètre, ...;;Assistant ingénieur logiciel, je prends part à des projets de  TALN (Traitement Automatique de Langage Naturel ou NLP) et de machine learning afin de justifier les budgets engagés sur ces projets.;Très importantes;Pas du tout importantes;Bonnes;Bonnes;Très bonnes;Très bonnes;1191.6;181.75;;;90.8;;;;;256.77;;;;;;254.36;;279.47;;;;;128.45;;
8;2018_2019;2018-10-03 14:43:37;6;fr;2018-10-03 14:39:20;2018-10-03 14:43:37;Un homme;23;"48.80516;2.41971";"43.73106;3.31892";"43.61124;3.87673";"43.61124;3.87673";S, Scientifique (anciennement C, D ou E);2013;Non;Oui;Oui;Oui;Oui;Non;Non;Non;Non;;Je souhaite créer mon entreprise.;30;0;2;3;3;4;0;0;3;3;;;;;;Très importantes;Très importantes;Bonnes;Bonnes;Très bonnes;Très bonnes;258.92;4.89;;;43.85;;;;;103.81;;;;;;66.58;;21.63;;;;;18.16;;
9;2018_2019;2018-10-03 15:10:13;6;fr;2018-10-03 14:39:52;2018-10-03 15:10:13;;22;"43.61124;3.87673";"43.67453;4.13481";"43.61124;3.87673";"43.61124;3.87673";S, Scientifique (anciennement C, D ou E);2014;Non;Oui;Non;Oui;Non;Non;Non;Oui;Non;;Trouver un emploie stable, intéressant et bien payé au Bahamas si possible.;35;0;6;4;35;28;0;0;10;0;Administration publique;500 salariés ou plus;Data scientist,Statisticien(ne), Economètre, ...;;Gestion des données sportives produites et utilisées par la direction sport et nature du conseil départemental de l'Hérault.;Plutôt importantes;Plutôt importantes;Très bonnes;Très bonnes;Très bonnes;Bonnes;1822.84;602.16;;;46.56;;;;;676.13;;;;;;298.6;;100.01;;;;;99.38;;
11;2018_2019;2018-10-03 14:49:42;6;fr;2018-10-03 14:41:27;2018-10-03 14:49:42;Un homme;24;"34.02241;-6.83454";"34.04489;-6.81402";"43.61124;3.87673";"43.60446;1.44425";Un titre étranger équivalent au baccalauréat;2012;Non;Oui;Non;Non;Non;Non;Non;Non;Non;;;35;0;8;12;6;6;0;0;3;3;Industrie manufacturière;500 salariés ou plus;Data scientist,Statisticien(ne), Economètre, ...;;;Très importantes;Très importantes;Mauvaises;Très bonnes;Très bonnes;Mauvaises;495.32;8.31;;;72.09;;;;;46.72;;;;;;150.22;;169.8;;;;;48.18;;
13;2018_2019;2018-10-03 14:59:21;6;fr;2018-10-03 14:48:37;2018-10-03 14:59:21;Un homme;24;"33.5726;-7.63893";"33.56737;-7.61881";"43.61124;3.87673";"43.60446;1.44425";S, Scientifique (anciennement C, D ou E);2012;Non;Oui;Oui;Non;Non;Non;Non;Non;Non;;pouvoir maîtiser les différentes diciplines d'un data scientist;35;0;10;6;4;3;0;0;5;4;Transports et entreposage;500 salariés ou plus;Autre;data analyst;analyse de données de tracking logistique;Plutôt importantes;Très importantes;Très mauvaises;Mauvaises;Très bonnes;Très bonnes;638.11;14.08;;;124.39;;;;;209.85;;;;;;161.87;;85.93;;;;;41.99;;
15;2018_2019;2018-10-03 15:13:01;6;fr;2018-10-03 14:50:03;2018-10-03 15:13:01;Un homme;28;"45.18756;5.73578";"45.37168;4.79573";"43.67762;4.63097";"43.64643;3.86852";S, Scientifique (anciennement C, D ou E);2008;Oui;Non;Oui;Non;Non;Non;Non;Non;Non;;Savoir utiliser un/plusieurs outils de Deep learning. Comprendre les bases mathématiques/théoriques de cette discipline.;;;;;;;;;;;Information et communication;De 10 à 19 salariés;Autre;Développeur;"Développeur Java/Architecte logiciel : 
Participer à l'analyse préliminaire d'un projet, au choix des technologies et aux interactions logicielles à mettre en place.
Développement Back-end.";Très importantes;Très importantes;Très bonnes;Très bonnes;Très bonnes;;1379.64;12;;;196.93;;;;;175.72;;;;;;576.78;;138.53;;;;;279.68;;
16;2018_2019;2018-10-03 15:15:17;6;fr;2018-10-03 14:50:09;2018-10-03 15:15:17;Un homme;24;"45.49722;-73.61036";"33.96689;-6.84266";"43.61124;3.87673";"35.68284;139.75945";ES, Sciences économiques et sociales (anciennement B);2014;Non;Non;Non;Oui;Non;Oui;Non;Non;Non;;Utiliser des connaissances mathématique pour résoudre des problèmes de société tel que la transition écologique;7;0;2;3;5;8;0;3;1;2;Information et communication;De 5 à 9 salariés;Data scientist,Statisticien(ne), Economètre, ...;;Chomage .;Très importantes;Plutôt importantes;Mauvaises;Bonnes;Très bonnes;Bonnes;1510.41;7.34;;;115.79;;;;;194.68;;;;;;88.81;;1055.08;;;;;48.71;;
17;2018_2019;2018-10-03 15:10:29;6;fr;2018-10-03 14:52:03;2018-10-03 15:10:29;;23;"48.7761;1.99884";"43.83742;4.36007";"43.61124;3.87673";"43.61124;3.87673";S, Scientifique (anciennement C, D ou E);2014;Oui;Non;Non;Non;Non;Non;Non;Non;Non;J'y étais en licence;"Le Master MIASHS prépare au métiers de ""data scientist"" en formant des étudiants ayant à la fois des connaissances nécessaires en informatique et statistique et des connaissances de domaines d'applications en sciences humaines et sociales.";35;0;0;0;25;35;0;0;10;0;Activités spécialisées, scientifiques et techniques;De 10 à 19 salariés;Data scientist,Statisticien(ne), Economètre, ...;;"Je participerai à :

· À l’étude du besoin client (externe ou interne à l’entreprise) ;

· Au dimensionnement des solutions et de leurs conceptions ;

· À la réalisation des solutions, incluant des phases de préparation des données, de modélisation et de restitution (e.g., rapports ou web application).";Très importantes;Pas du tout importantes;Très mauvaises;Très mauvaises;Très mauvaises;Très bonnes;1108.47;13.14;;;72.46;;;;;635.2;;;;;;94.85;;108.42;;;;;184.4;;
18;2018_2019;2018-10-03 17:33:14;6;fr;2018-10-03 16:57:38;2018-10-03 17:33:14;Une femme;27;"43.61124;3.87673";"43.61124;3.87673";"43.60446;1.44425";"43.61124;3.87673";STG, Sciences et technologies de la gestion (anciennement STT ou G);2009;Oui;Non;Oui;Non;Non;Non;Non;Non;Non;;être en capacité de prendre en charge des projets deeplearning, machine learning..;35;0;20;8;2;7;;;10;;Administration publique;500 salariés ou plus;Administrateur / Administratrice de bases de données;;Administrateur Business Objects;Plutôt importantes;Très importantes;Bonnes;Bonnes;Bonnes;Très mauvaises;2137.8;49.97;;;112.77;;;;;1164.58;;;;;;582.2;;74.28;;;;;154;;
19;2018_2019;;3;fr;2018-10-04 11:14:46;2018-10-04 11:16:48;Une femme;32;"36.3638;3.89465";"36.74989;3.08441";"36.72017;3.19565";"43.60401;3.90873";S, Scientifique (anciennement C, D ou E);2003;Oui;Non;Oui;Non;Non;Non;Non;Non;Non;;Devenir un data scientist;35;;16;;1;1;;;2,5;0;Data science spécialisé en marketing;De 1 à 10 salariés;Data scientiste;Data scientiste;Traitement de données client, gestion de données client;Très importantes;Très importantes;Très bonnes;Très bonnes;Très bonnes;Peu m'importe;122.19;7.07;;;67;;;;;48.12;;;;;;;;;;;;;;;
20;2018_2019;2018-10-04 13:18:33;6;fr;2018-10-04 13:12:11;2018-10-04 13:18:33;Une femme;29;"45.18756;5.73578";"43.69515;5.50327";"43.52984;5.44747";"43.61124;3.87673";S, Scientifique (anciennement C, D ou E);2008;Oui;Non;Oui;Non;Non;Non;Non;Non;Non;;acquérir des connaissances en apprentissage statistique, en visualisation de données et en manipulation de grand volume de données;38;0;10;16;1;5;40;0;8;2;Industrie manufacturière;;Data scientist,Statisticien(ne), Economètre, ...;;mise à jour de tableau de bord pour le pilotage de l'activité commerciale;Plutôt importantes;Très importantes;Bonnes;Bonnes;Bonnes;Bonnes;383.27;10.87;;;60.35;;;;;95.77;;;;;;109.12;;57.59;;;;;49.57;;
24;2019_2020;2019-10-07 15:58:17;6;fr;2019-10-07 15:48:59;2019-10-07 15:58:17;Un homme;23;"48.29716;4.07463";"49.04683;2.11926";"48.85151;2.60228";"49.0119;2.55765";S, Scientifique (anciennement C, D ou E);2015;Non;Non;Non;Oui;Non;Non;Non;Non;Non;;Pouvoir accéder au métier de Data Scientist dans un domaine qui me plaît.;38;0;12;1;3;22;3;5;3;1;Transports et entreposage;500 salariés ou plus;Data scientist,Statisticien(ne), Economètre, ...;;Étudier les données clients afin de déterminer un comportement type et d'adapter l'offre à ce comportement. Modifier les produits vendus pour générer de la recette.;Très importantes;Très importantes;Bonnes;Mauvaises;Très bonnes;Bonnes;559.82;7.75;;;201.28;;;;;102.36;;;;;;97.05;;116.45;;;;;34.93;;
25;2019_2020;2019-10-07 16:03:09;6;fr;2019-10-07 15:49:40;2019-10-07 16:03:09;Un homme;22;"48.84063;2.50771";"48.84063;2.50771";"55.95335;-3.18837";"48.85661;2.3515";S, Scientifique (anciennement C, D ou E);2014;Oui;Non;Non;Non;Non;Non;Non;Non;Non;l'alternance;D'avoir un acquis un maximum de compétences dans les différents domaines étudiés pendant ces 2 ans, autant au niveau statistique qu'informatique et programmation;29;0;12;6;3;6;0;0;12;3;Autres activités de services;500 salariés ou plus;Data scientist,Statisticien(ne), Economètre, ...;;Mon rôle dans cette entreprise sera d'améliorer un score calculé tous les jours sur les clients de cette entreprise afin de mieux déterminer les clients potentiellement sur le départ pour leur proposer des offres plus personnalisées afin qu'ils restent chez nous;Plutôt importantes;Plutôt importantes;Mauvaises;Mauvaises;Bonnes;Bonnes;812.01;19.5;;;93.19;;;;;151.22;;;;;;324.84;;184.35;;;;;38.91;;
26;2019_2020;2019-10-07 15:58:22;6;fr;2019-10-07 15:49:45;2019-10-07 15:58:22;Un homme;24;"50.80354;4.33384";"43.53747;6.46273";"43.61124;3.87673";"43.63932;3.91333";S, Scientifique (anciennement C, D ou E);2013;Non;Oui;Oui;Oui;Oui;Non;Non;Oui;Non;;Devenir Data Scientist;30;0;6;1;8;8;39;0;5;0;Activités financières et d'assurance;500 salariés ou plus;Autre;Data Ingénierie;Je m'occupe d'automatiser tous les porcess métiers;Très importantes;Très importantes;Très bonnes;Très bonnes;Très bonnes;Mauvaises;518.2;15.68;;;129.05;;;;;107.92;;;;;;171.03;;67.96;;;;;26.56;;
27;2019_2020;2019-10-07 16:03:29;6;fr;2019-10-07 15:49:53;2019-10-07 16:03:29;Un homme;24;"-18.91001;47.52558";"48.69372;6.18341";"45.18756;5.73578";"43.6434;1.37799";S, Scientifique (anciennement C, D ou E);2013;Non;Oui;Non;Oui;Non;Non;Non;Oui;Non;;Pouvoir être data scientist, expert de la donnée, acquis des capacités d'autonomies et d'apprentissage.;35;0;20;10;10;12;35;0;3;5;Transports et entreposage;500 salariés ou plus;Data scientist,Statisticien(ne), Economètre, ...;;"L’apprenti participera au développement de nouveaux outils automatiques de management d’activités de l’équipe ESXSA puisant directement dans les bases de données officielles Airbus. Il sera nécessaire pour celà de comprendre au maximum les activités des équipes pour mieux interpréter le compte tenu des bases de données.
-       L’apprenti fera partis d’un réseau de développeurs dont le but sera de capter les besoins des équipes opérationnelles, les prioriser et d’y répondre avec les solutions logicielles les plus adaptées. Ce réseau assurera le support et le développement technique de l’apprenti.
-       L’apprenti recensera les solutions outils existantes dans l’entreprise pour en faire profiter les collaborateurs de son service avec ou sans besoin de modification.
-       L’apprenti devra démontrer les qualités suivantes : Rigoureux (se), curieux (se), autonome, bon relationnel, esprit d’équipe";Plutôt importantes;Très importantes;Bonnes;Très bonnes;Très bonnes;Bonnes;818.13;12.57;;;66.21;;;;;209.23;;;;;;171.3;;325.95;;;;;32.87;;
28;2019_2020;2019-10-07 15:54:14;6;fr;2019-10-07 15:49:58;2019-10-07 15:54:14;Une femme;21;"46.56605;3.33317";"43.47139;6.56611";"48.85661;2.3515";"43.67791;3.98689";S, Scientifique (anciennement C, D ou E);2015;Non;Non;Oui;Non;Non;Non;Non;Non;Non;;Travailler;35;0;10;6;6;19;0;0;6;8;Santé humaine et action sociale;De 50 à 99 salariés;Autre;Biostatisticienne;Statistiques domaine de la santé;Plutôt importantes;Plutôt importantes;Bonnes;Bonnes;Très bonnes;Bonnes;257.25;12.04;;;42.27;;;;;48.97;;;;;;83.17;;47.53;;;;;23.27;;
29;2019_2020;2019-10-07 15:59:18;6;fr;2019-10-07 15:50:36;2019-10-07 15:59:18;Une femme;22;"44.13713;4.80788";"44.0555;5.04875";"43.61124;3.87673";"43.61124;3.87673";S, Scientifique (anciennement C, D ou E);2015;Oui;Non;Non;Non;Non;Non;Non;Non;Oui;;Métier Data Science;28;0;5;1;7;12;0;0;4;1;Activités spécialisées, scientifiques et techniques;De 10 à 19 salariés;Autre;Développeur/data scientist;Echanger avec des spécialistes, créer des programmes répondant à leurs besoins, gérer gros volumes de données;Plutôt importantes;Très importantes;Bonnes;Bonnes;Bonnes;Bonnes;522.88;8.04;;;73.92;;;;;110.06;;;;;;134.28;;151.01;;;;;45.57;;
30;2019_2020;2019-10-07 16:09:16;6;fr;2019-10-07 15:54:05;2019-10-07 16:09:16;Une femme;21;"34.03465;-5.01619";"34.03609;-5.01672";"43.61124;3.87673";"48.85661;2.3515";S, Scientifique (anciennement C, D ou E);2015;Non;Non;Oui;Non;Non;Non;Non;Oui;Non;;Sortir du Master avc un bon bagage au niveau technique et professionnel;38;0;20;6;0;2;0;0;5;4;Information et communication;De 200 à 499 salariés;Autre;BI;"Traitement, analyse, transformation et visualisation des données 
Développement Sharepoint  
Gestion et organisation de projets";Très importantes;Plutôt importantes;Mauvaises;Bonnes;Bonnes;Bonnes;913.95;14.79;;;116.28;;;;;142.03;;;;;;311.49;;243.43;;;;;85.93;;
31;2019_2020;2019-10-07 16:06:01;6;fr;2019-10-07 15:54:30;2019-10-07 16:06:01;Un homme;22;"50.37102;3.55473";"49.84653;3.28768";"43.61124;3.87673";"43.61124;3.87673";S, Scientifique (anciennement C, D ou E);2014;Non;Oui;Non;Oui;Non;Non;Non;Non;Non;;Avoir les compétences nécessaires au métier de Data Scientist / Analyst, pouvoir m'engager dans une entreprise proposant ce genre d'offre, le tout en ayant une expérience professionnelle non-négligeable.;35;0;12;2;4;7;0;0;7;4;Activités financières et d'assurance;De 20 à 49 salariés;Data scientist,Statisticien(ne), Economètre, ...;;Analyse de fraude  dans la comptabilité des entreprise et réalisation de projets (statistiques) sur le plan de charge de l'entreprise.;Très importantes;Plutôt importantes;Très bonnes;Très bonnes;Très bonnes;Bonnes;692.69;32.42;;;71.11;;;;;108.84;;;;;;215.7;;192.28;;;;;72.34;;
32;2019_2020;2019-10-07 16:06:59;6;fr;2019-10-07 15:56:14;2019-10-07 16:06:59;Un homme;24;"33.87642;10.85685";"33.33959;10.49119";"35.73984;10.7987";"43.61124;3.87673";S, Scientifique (anciennement C, D ou E);2013;Non;Oui;Oui;Non;Non;Non;Non;Non;Non;;faire une thèse;35;0;15;3;2;7;0;0;0;0;Activités spécialisées, scientifiques et techniques;De 10 à 19 salariés;Data scientist,Statisticien(ne), Economètre, ...;;;Très importantes;Très importantes;Bonnes;Bonnes;Bonnes;Très bonnes;647.97;6.26;;;83.23;;;;;352.52;;;;;;92.8;;70.74;;;;;42.42;;
33;2019_2020;2019-10-07 16:07:38;6;fr;2019-10-07 15:58:53;2019-10-07 16:07:38;Un homme;22;"43.49471;-1.47603";"43.49334;-1.4751";"44.84123;-0.58004";"44.84123;-0.58004";S, Scientifique (anciennement C, D ou E);2015;Non;Oui;Non;Non;Non;Non;Non;Non;Non;;Trouver un emploi en data science appliqué au domaine marketing;35;0;10;10;4;15;0;0;4;0;Activités spécialisées, scientifiques et techniques;De 10 à 19 salariés;Data scientist,Statisticien(ne), Economètre, ...;;Analyser les données emploi / formation / compétences récoltées par l'entreprise.;Très importantes;Plutôt importantes;Bonnes;Bonnes;Bonnes;Bonnes;526.57;19.57;;;112.27;;;;;113.79;;;;;;112.96;;129.59;;;;;38.39;;
34;2019_2020;2019-10-07 16:09:56;6;fr;2019-10-07 16:00:29;2019-10-07 16:09:56;Une femme;23;"44.0555;5.04875";"44.0555;5.04875";"43.61124;3.87673";"43.61124;3.87673";ES, Sciences économiques et sociales (anciennement B);2015;Non;Oui;Non;Non;Non;Non;Non;Non;Non;;;35;0;6;5;2;3;35;0;10;2;Autres activités de services;500 salariés ou plus;Data scientist,Statisticien(ne), Economètre, ...;;;Pas du tout importantes;Très importantes;Bonnes;Bonnes;Très bonnes;Très bonnes;569.3;15.32;;;44.01;;;;;106.38;;;;;;251.15;;90.91;;;;;61.53;;
35;2019_2020;2019-10-07 16:14:50;6;fr;2019-10-07 16:07:36;2019-10-07 16:14:50;Un homme;22;"43.92776;2.1479";"43.92776;2.1479";"43.92776;2.1479";"43.92776;2.1479";ES, Sciences économiques et sociales (anciennement B);2014;Oui;Oui;Non;Non;Non;Oui;Non;Non;Non;L'alternance;;30;0;8;2;10;14;0;0;3;3;Activités spécialisées, scientifiques et techniques;De 50 à 99 salariés;Data scientist,Statisticien(ne), Economètre, ...;;"Fournir des tableaux de bords pour aider mes collaborateurs à piloter leurs activités
Reporting, Modélisation de données, diffusion, Datavisualisation";Très importantes;Plutôt importantes;;Bonnes;Très bonnes;;435.92;21.68;;;45.61;;;;;66.7;;;;;;144.38;;131.17;;;;;26.38;;
36;2019_2020;2019-10-07 17:05:34;6;fr;2019-10-07 16:46:18;2019-10-07 17:05:34;Un homme;22;"48.51416;-2.76027";"48.51416;-2.76027";"47.65868;-2.75991";"47.47399;-0.55156";S, Scientifique (anciennement C, D ou E);2015;Non;Oui;Non;Oui;Non;Non;Non;Non;Non;;Obtenir un travail;30;0;8;3;3;5;0;0;7;3;Activités financières et d'assurance;500 salariés ou plus;Autre;Data Analyst;"Enrichissement de fichier
Construction d'un score
Mise à jour de base de données
Cartographie sous power BI";Très importantes;Plutôt importantes;Bonnes;Bonnes;Très bonnes;Bonnes;1158.36;11.3;;;36.06;;;;;45.48;;;;;;518.55;;401.07;;;;;145.9;;
37;2019_2020;2019-10-07 17:06:24;6;fr;2019-10-07 16:52:29;2019-10-07 17:06:24;Un homme;22;"48.11134;-1.68002";"48.02458;-1.74716";"47.65868;-2.75991";"48.85661;2.3515";ES, Sciences économiques et sociales (anciennement B);2015;Non;Oui;Non;Oui;Non;Non;Non;Non;Non;;Obtenir les compétences nécessaire pour effectuer le travail que j'ai envie de faire.;30;;7;3;3;22;0;0;8;1;Industrie manufacturière;500 salariés ou plus;Data scientist,Statisticien(ne), Economètre, ...;;Je viens en aide aux services marketing pour aider le ciblage des clients, je construis aussi des modèles de prédictions.;Très importantes;Plutôt importantes;Mauvaises;Bonnes;Très bonnes;Très bonnes;837.34;13.64;;;54.6;;;;;106.98;;;;;;453.43;;172.03;;;;;36.66;;
38;2019_2020;2019-10-07 17:11:22;6;fr;2019-10-07 16:56:33;2019-10-07 17:11:22;Un homme;22;"43.34266;3.21313";"43.34266;3.21313";"43.61124;3.87673";"43.60446;1.44425";S, Scientifique (anciennement C, D ou E);2015;Non;Oui;Non;Oui;Non;Non;Oui;Non;Non;;Avoir une connaissance complète de la data science et via ces compétences créer une startup pour gagner un max d'argent;35;0;20;5;6;2;40;0;1;2;Production et distribution d'électricité, de gaz, de vapeur et d'air conditionné;500 salariés ou plus;Data scientist,Statisticien(ne), Economètre, ...;;Proposition de projet data pour le service Facturation comme le suivi du nombre de factures générées ou la création des groupes de compte de facturation;Très importantes;Peu importantes;Très bonnes;Très bonnes;Très bonnes;Très bonnes;891.94;24.78;;;48.56;;;;;303.53;;;;;;206.22;;211.98;;;;;96.87;;
39;2019_2020;2019-10-07 17:06:48;6;fr;2019-10-07 16:57:52;2019-10-07 17:06:48;Un homme;22;"43.83742;4.36007";"43.83742;4.36007";"43.61124;3.87673";"43.61124;3.87673";S, Scientifique (anciennement C, D ou E);2015;Non;Oui;Non;Oui;Non;Non;Oui;Non;Non;;être embauché dans mon entreprise d'alternance et gagner un maximum d'argent;35;6;20;6;6;;0;0;6;;Activités spécialisées, scientifiques et techniques;De 200 à 499 salariés;Data scientist,Statisticien(ne), Economètre, ...;;Data Scientist pour l'équipe chargée de ciblée les publicités aux utilisateurs;Très importantes;Très importantes;Très bonnes;Très bonnes;Très bonnes;Bonnes;518.48;7.25;;;71.71;;;;;89.97;;;;;;82.05;;224.8;;;;;42.7;;
40;2019_2020;;4;fr;2019-10-07 17:05:00;2019-10-07 17:14:53;Une femme;22;"48.86234;2.44122";"48.89867;2.51556";"48.85661;2.3515";"43.60808;3.87643";S, Scientifique (anciennement C, D ou E);2015;Oui;Oui;Non;Oui;Non;Non;Non;Non;Non;;;35;0;15;5;1;5;0;0;5;1;;;;;;;;;;;;330.07;14.86;;;72.31;;;;;64.97;;;;;;177.93;;;;;;;;;
41;2019_2020;2019-10-09 09:17:27;6;fr;2019-10-09 09:08:22;2019-10-09 09:17:27;Un homme;28;"33.56755;-7.61876";"33.59506;-7.61878";"43.6134;3.87663";"48.85661;2.3515";Un titre étranger équivalent au baccalauréat;2010;Oui;Oui;Non;Oui;Non;Non;Non;Non;Non;;;5;0;5;3;0;1;1;0;0;0;Administration publique;De 100 à 199 salariés;Data scientist,Statisticien(ne), Economètre, ...;;;;;;;;;546.01;11.31;;;87.99;;;;;47.99;;;;;;262.3;;38.37;;;;;98.05;;
42;2019_2020;2019-10-09 09:32:31;6;fr;2019-10-09 09:23:24;2019-10-09 09:32:31;Une femme;22;"48.86234;2.44122";"48.89867;2.51556";"48.85661;2.3515";"43.60808;3.87643";S, Scientifique (anciennement C, D ou E);2015;Oui;Oui;Non;Oui;Non;Non;Non;Non;Non;;A l'issue du master je souhaite améliorer mes connaissance en machine learning et travailler dans la data science dans différentes entreprises pour savoir quel secteur me correspond le mieux.;35;0;15;5;0;4;0;0;5;1;Activités spécialisées, scientifiques et techniques;De 20 à 49 salariés;Data scientist,Statisticien(ne), Economètre, ...;;Mon rôle est de travailler sur des données pour les intégrer dans un système d'information, où peuvent être réaliser des analyses statistiques à partir des données mises dans le web service.;Plutôt importantes;Très importantes;Mauvaises;Mauvaises;Très bonnes;Très bonnes;549.96;14.77;;;112.51;;;;;143.47;;;;;;97.03;;139.7;;;;;42.48;;
43;2019_2020;;4;fr;2019-10-09 11:45:57;2019-10-09 11:51:58;Un homme;26;"36.64151;2.69334";"36.64157;2.69348";"36.77536;3.06019";"48.85661;2.3515";S, Scientifique (anciennement C, D ou E);2012;Oui;Oui;Non;Non;Non;Non;Non;Non;Non;;devenir un data scientist de qualité;30;8;2;5;0;1;0;0;3;7;;;;;;;;;;;;363.54;12.69;;;175.83;;;;;93.16;;;;;;81.86;;;;;;;;;
44;2019_2020;2019-10-09 14:49:50;6;fr;2019-10-09 14:43:13;2019-10-09 14:49:50;Un homme;26;"36.77536;3.06019";"36.77536;3.06019";"36.77536;3.06019";"48.85661;2.3515";Un autre bac technologique;2012;Oui;Oui;Non;Non;Non;Non;Non;Non;Non;;Développer mes compétences en data science;35;5;3;4;1;4;0;0;3;7;Information et communication;De 50 à 99 salariés;Data scientist,Statisticien(ne), Economètre, ...;;je suis chargé d'études prédictives statistiques d'enquête et je participe aussi à des travaux de recherche et développement.;Très importantes;Très importantes;Très bonnes;Très bonnes;Très bonnes;Très bonnes;399.65;9.53;;;38.99;;;;;62.21;;;;;;68.61;;174.83;;;;;45.48;;
45;2019_2020;2019-10-09 15:00:02;6;fr;2019-10-09 14:53:06;2019-10-09 15:00:02;Un homme;27;"36.75118;5.06437";"36.75118;5.06437";"43.61124;3.87673";"48.85661;2.3515";S, Scientifique (anciennement C, D ou E);2011;Oui;Oui;Non;Oui;Non;Non;Non;Non;Non;;;30;0;15;6;3;2;35;0;15;1;Industries extractives;500 salariés ou plus;Data scientist,Statisticien(ne), Economètre, ...;;;Peu importantes;Peu importantes;Mauvaises;Bonnes;Bonnes;Mauvaises;417.85;8.68;;;76.92;;;;;104.25;;;;;;108.14;;73.8;;;;;46.06;;
